"id";"name";"compilation_root";"dlc_root";"console";"original_console";"completion";"ownership";"achievements";"achievement_total";"rating";"multi_rating";"now_playing";"note";"multi_note";"review";"multi_comp_local";"multi_coop_local";"multi_comp_LAN";"multi_coop_LAN";"multi_comp_online";"multi_coop_online"
1;"Animal Crossing: amiibo Festival";0;0;37;0;0;0;0;0;2;0;0;"";"";"";4;0;0;0;0;0
2;"Call of Duty: Black Ops II";0;0;37;0;1;0;0;0;0;0;0;"";"";"";4;2;0;0;0;0
3;"Donkey Kong Country: Tropical Freeze";0;0;37;0;3;0;0;0;5;0;0;"";"";"";0;2;0;0;0;0
4;"Game & Wario";0;0;37;0;3;0;0;0;4;0;0;"";"";"";5;0;0;0;0;0
5;"Mario & Sonic at the Sochi 2014 Olympic Winter Games";0;0;37;0;3;0;0;0;3;0;0;"";"";"";4;0;0;0;0;0
6;"Mario Kart 8";0;0;37;0;3;0;0;0;5;0;0;"";"";"";4;2;0;0;0;0
7;"Mario Party 10";0;0;37;0;0;0;0;0;4;0;0;"";"";"";5;0;0;0;0;0
8;"Mario Tennis: Ultra Smash";0;0;37;0;0;0;0;0;4;0;0;"";"";"";4;2;0;0;0;0
9;"Monster Hunter 3 Ultimate";0;0;37;0;3;0;0;0;4;0;0;"";"";"";0;0;0;0;0;0
10;"New Super Mario Bros. U";0;0;37;0;3;0;0;0;5;0;0;"";"";"";4;5;0;0;0;0
11;"Nintendo Land";0;0;37;0;3;0;0;0;5;0;0;"";"";"";5;5;0;0;0;0
12;"Pikmin 3";0;0;37;0;4;0;0;0;5;0;0;"";"";"";2;2;0;0;0;0
13;"Rayman Legends";0;0;37;0;3;0;0;0;5;0;0;"";"";"";5;5;0;0;0;0
14;"Sonic & All-Stars Racing Transformed";0;0;37;0;2;0;0;0;0;0;0;"";"";"";5;0;0;0;0;0
15;"Super Mario 3D World";0;0;37;0;4;0;0;0;5;0;0;"";"";"";0;4;0;0;0;0
16;"Super Mario Maker";0;0;37;0;0;0;0;0;5;0;0;"";"";"";0;0;0;0;0;0
17;"Super Smash Bros. for Wii U";0;0;37;0;2;0;0;0;5;0;0;"";"";"";8;4;0;0;0;0
18;"Wii Party U";0;0;37;0;0;0;0;0;5;0;0;"";"";"";4;4;0;0;0;0
19;"The Wonderful 101";0;0;37;0;2;0;0;0;5;0;0;"";"";"";0;5;0;0;0;0
20;"ZombiU";0;0;37;0;2;0;0;0;5;0;0;"";"";"";2;0;0;0;0;0
21;"Affordable Space Adventures";0;0;2;0;2;0;0;0;0;0;0;"";"";"";0;3;0;0;0;0
22;"Art of Balance";0;0;2;0;3;0;0;0;4;0;0;"";"";"";5;0;0;0;0;0
23;"Chasing Aurora";0;0;2;0;0;0;0;0;3;0;0;"";"";"";5;0;0;0;0;0
24;"Fast Racing Neo";0;0;2;0;3;0;0;0;4;0;0;"";"";"";4;0;0;0;0;0
25;"Runbow";0;0;2;0;3;0;0;0;4;0;0;"";"";"";9;0;0;0;0;0
26;"Shantae and the Pirate's Curse";0;0;2;0;3;0;0;0;5;0;0;"";"";"";0;0;0;0;0;0
27;"Sportsball";0;0;2;0;0;0;0;0;3;0;0;"";"";"";4;0;0;0;0;0
28;"Toki Tori 2+";0;0;2;0;3;0;0;0;4;0;0;"";"";"";0;0;0;0;0;0
29;"EarthBound";0;0;3;20;3;0;0;0;5;0;0;"";"";"";0;0;0;0;0;0
30;"Super Metroid";0;0;3;20;3;0;0;0;5;0;0;"";"";"";0;0;0;0;0;0
31;"Assassin's Creed";0;0;38;0;3;0;36;44;3;0;0;"";"";"";0;0;0;0;0;0
32;"Assassin's Creed II";0;0;38;0;3;0;47;50;5;0;0;"";"";"";0;0;0;0;0;0
33;"Banjo-Kazooie: Nuts & Bolts";0;0;38;0;4;0;59;60;5;0;0;"";"";"";2;0;0;0;0;0
34;"L.O.G.'s Lost Challenges";0;1;38;0;4;0;0;0;2;0;0;"";"";"";0;0;0;0;0;0
35;"Batman: Arkham Asylum";0;0;38;0;4;0;47;47;5;0;0;"";"";"";0;0;0;0;0;0
36;"Batman: Arkham City";0;0;38;0;4;0;65;70;5;0;0;"";"";"";0;0;0;0;0;0
37;"Harley Quinn's Revenge";0;1;38;0;3;0;0;0;3;0;0;"";"";"";0;0;0;0;0;0
38;"Bioshock";0;0;38;0;3;0;39;50;5;0;0;"";"";"";0;0;0;0;0;0
39;"Bioshock 2";0;0;38;0;3;0;49;68;5;0;0;"";"";"";0;0;0;0;0;0
40;"Minerva's Den";0;1;38;0;3;0;0;0;5;0;0;"";"";"";0;0;0;0;0;0
41;"BrUtal Legend";0;0;38;0;3;0;34;59;5;0;0;"";"";"";0;0;0;0;0;0
42;"Bulletstorm";0;0;38;0;3;0;29;60;5;0;0;"";"";"";0;0;0;0;0;0
43;"Call of Duty 4: Modern Warfare";0;0;38;0;3;0;31;37;4;0;0;"";"";"";4;0;0;0;0;0
44;"Call of Duty: Modern Warfare 2";0;0;38;0;3;0;39;50;5;0;0;"";"";"";4;2;0;0;0;0
45;"Call of Duty: Modern Warfare 3";0;0;38;0;3;0;19;76;4;0;0;"";"";"";4;2;0;0;0;0
46;"Dark Void";0;0;38;0;3;0;35;47;3;0;0;"";"";"";0;0;0;0;0;0
47;"Dead Rising";0;0;38;0;3;0;21;50;3;0;0;"";"";"";0;0;0;0;0;0
48;"The Elder Scrolls IV: Oblivion";0;0;38;0;3;0;50;60;4;0;0;"";"";"";0;0;0;0;0;0
49;"Fable III";0;0;38;0;3;0;25;60;2;0;0;"";"";"";0;2;0;0;0;0
50;"Fallout 3";0;0;38;0;3;0;63;72;5;0;0;"";"";"";0;0;0;0;0;0
51;"Broken Steel";0;1;38;0;3;0;0;0;4;0;0;"";"";"";0;0;0;0;0;0
52;"Mothership Zeta";0;1;38;0;3;0;0;0;3;0;0;"";"";"";0;0;0;0;0;0
53;"Operation: Anchorage";0;1;38;0;3;0;0;0;4;0;0;"";"";"";0;0;0;0;0;0
54;"The Pitt";0;1;38;0;4;0;0;0;4;0;0;"";"";"";0;0;0;0;0;0
55;"Point Lookout";0;1;38;0;3;0;0;0;5;0;0;"";"";"";0;0;0;0;0;0
56;"Far Cry 2";0;0;38;0;3;0;33;48;4;0;0;"";"";"";0;0;0;0;0;0
57;"Gears of War";0;0;38;0;3;0;21;57;4;0;0;"";"";"";2;2;4;4;0;0
58;"Gears of War 2";0;0;38;0;3;0;56;79;5;0;0;"";"";"";2;2;4;4;0;0
59;"Road to Ruin";0;1;38;0;3;0;0;0;4;0;0;"";"";"";2;2;4;4;0;0
60;"Gears of War 3";0;0;38;0;3;0;27;82;4;0;0;"";"";"";2;2;4;4;0;0
61;"Grand Theft Auto IV";0;0;38;0;3;0;30;65;5;0;0;"";"";"";0;0;0;0;0;0
62;"Halo 3";0;0;38;0;4;0;78;79;5;0;0;"";"";"";4;2;8;4;0;0
63;"Halo 3: ODST";0;0;38;0;4;0;42;47;5;0;0;"";"";"";0;2;0;4;0;0
64;"Halo 3: Mythic";1;0;38;0;0;0;78;79;5;0;0;"";"";"";4;0;8;0;0;0
65;"Halo 4";0;0;38;0;3;0;35;57;5;0;0;"";"";"";4;2;8;4;0;0
66;"Halo Wars";0;0;38;0;3;0;47;58;5;0;0;"";"";"";0;0;2;2;0;0
67;"Halo: Combat Evolved Anniversary";0;0;38;0;4;0;37;44;4;0;0;"";"";"";0;2;0;0;0;0
68;"Halo: Reach";0;0;38;0;3;0;60;69;5;0;0;"";"";"";4;2;8;4;0;0
69;"Kameo: Elements of Power";0;0;38;0;3;0;16;50;3;0;0;"";"";"";0;2;0;0;0;0
70;"Left 4 Dead 2";0;0;38;0;3;0;45;60;5;0;0;"";"";"";2;2;4;4;0;0
71;"Mass Effect";0;0;38;0;3;0;12;49;3;0;0;"";"";"";0;0;0;0;0;0
72;"Mass Effect 2";0;0;38;0;3;0;44;51;4;0;0;"";"";"";0;0;0;0;0;0
73;"Mass Effect 3";0;0;38;0;3;0;36;68;4;0;0;"";"";"";0;0;0;0;0;0
74;"Metro 2033";0;0;38;0;3;0;29;48;4;0;0;"";"";"";0;0;0;0;0;0
75;"Mirror's Edge";0;0;38;0;3;0;22;50;4;0;0;"";"";"";0;0;0;0;0;0
76;"Mortal Kombat vs. DC Universe";0;0;38;0;3;0;18;50;4;0;0;"";"";"";2;0;0;0;0;0
77;"Prince of Persia (2008)";0;0;38;0;3;0;35;60;4;0;0;"";"";"";0;0;0;0;0;0
78;"Rayman Origins";0;0;38;0;1;0;1;36;0;0;0;"";"";"";0;4;0;0;0;0
79;"Red Dead Redemption";0;0;38;0;3;0;17;95;3;0;0;"";"";"";0;0;0;0;0;0
80;"Undead Nightmare";0;1;38;0;3;0;0;0;4;0;0;"";"";"";0;0;0;0;0;0
81;"Sega Superstars Tennis";0;0;38;0;0;0;7;45;3;0;0;"";"";"";4;2;0;0;0;0
82;"Singularity";0;0;38;0;3;0;18;50;4;0;0;"";"";"";0;0;0;0;0;0
83;"Sonic & Sega All-Stars Racing";0;0;38;0;3;0;16;50;4;0;0;"";"";"";4;0;0;0;0;0
84;"Sonic Generations";0;0;38;0;4;0;49;49;5;0;0;"";"";"";0;0;0;0;0;0
85;"Sonic the Hedgehog";1;0;38;19;3;0;0;0;3;0;0;"";"";"";0;0;0;0;0;0
86;"Viva PiNata: Trouble in Paradise";0;0;38;0;0;0;47;50;5;0;0;"";"";"";4;2;0;0;0;0
87;"Banjo-Kazooie";0;0;5;0;4;0;12;12;5;0;0;"";"";"";0;0;0;0;0;0
88;"Banjo-Tooie";0;0;5;0;4;0;12;12;5;0;0;"";"";"";4;0;0;0;0;0
89;"Bastion";0;0;5;0;3;0;10;12;4;0;0;"";"";"";0;0;0;0;0;0
90;"BattleBlock Theater";0;0;5;0;3;0;13;30;4;0;0;"";"";"";0;0;0;0;0;0
91;"Battlefield 1943";0;0;5;0;0;0;12;12;4;0;0;"";"";"";0;0;0;0;0;0
92;"Beyond Good and Evil HD";0;0;5;0;3;0;12;12;4;0;0;"";"";"";0;0;0;0;0;0
93;"Bionic Commando: Rearmed";0;0;5;0;4;0;9;12;5;0;0;"";"";"";4;2;0;0;0;0
94;"Carcassonne";0;0;5;0;0;0;2;12;3;0;0;"";"";"";4;0;0;0;0;0
95;"Dead Rising 2: Case Zero";0;0;5;0;3;0;11;12;4;0;0;"";"";"";0;0;0;0;0;0
96;"Death Tank";0;0;5;0;0;0;1;12;3;0;0;"";"";"";4;0;0;0;0;0
97;"Death Tank Zwei";1;0;5;0;0;0;0;0;1;0;0;"";"";"";4;0;0;0;0;0
98;"Defense Grid: The Awakening";0;0;5;0;3;0;7;22;3;0;0;"";"";"";0;0;0;0;0;0
99;"Doom";0;0;5;0;2;0;2;12;0;0;0;"";"";"";4;4;0;0;0;0
100;"Doritos Crash Course";0;0;5;0;3;0;5;15;3;0;0;"";"";"";4;0;0;0;0;0
101;"City Lights";0;1;5;0;3;0;0;0;3;0;0;"";"";"";4;0;0;0;0;0
102;"Dungeon Defenders";0;0;5;0;1;0;0;12;0;0;0;"";"";"";0;4;0;0;0;0
103;"Frogger: Hyper Arcade Edition";0;0;5;0;0;0;8;12;4;0;0;"";"";"";4;0;0;0;0;0
104;"From Dust";0;0;5;0;4;0;11;12;5;0;0;"";"";"";0;0;0;0;0;0
105;"Gatling Gears";0;0;5;0;3;0;5;12;3;0;0;"";"";"";0;2;0;0;0;0
106;"Geometry Wars 2: Retro Evolved";0;0;5;0;0;0;6;12;4;0;0;"";"";"";4;4;0;0;0;0
107;"Gotham City Imposters";0;0;5;0;0;0;6;12;5;0;0;"";"";"";0;0;0;0;0;0
108;"Grabbed by the Ghoulies";0;0;5;0;3;0;0;0;2;0;0;"";"";"";0;0;0;0;0;0
109;"Greed Corp";0;0;5;0;3;0;10;12;5;0;0;"";"";"";4;0;0;0;0;0
110;"Hydro Thunder Hurricane";0;0;5;0;1;0;0;15;0;0;0;"";"";"";4;0;0;0;0;0
111;"Insanely Twisted Shadow Planet";0;0;5;0;2;0;4;17;0;0;0;"";"";"";0;4;0;0;0;0
112;"Lara Croft and the Guardian of Light";0;0;5;0;1;0;0;12;0;0;0;"";"";"";0;2;0;0;0;0
113;"Lode Runner (2009)";0;0;5;0;2;0;1;15;3;0;0;"";"";"";4;2;0;0;0;0
114;"Marvel vs. Capcom 2: New Age of Heroes";0;0;5;0;4;0;0;12;2;0;0;"";"";"";2;0;0;0;0;0
115;"Monaco: What's Yours is Mine";0;0;5;0;2;0;1;12;0;0;0;"";"";"";0;4;0;0;0;0
116;"NBA Jam: On Fire Edition";0;0;5;0;2;0;2;12;3;0;0;"";"";"";4;0;0;0;0;0
117;"Pac-Man Championship Edition DX+";0;0;5;0;0;0;12;12;4;0;0;"";"";"";0;0;0;0;0;0
118;"Perfect Dark";0;0;5;0;3;0;18;20;5;0;0;"";"";"";4;2;0;0;0;0
119;"Shadow Complex";0;0;5;0;4;0;11;12;5;0;0;"";"";"";0;0;0;0;0;0
120;"Sonic Adventure";0;0;5;0;3;0;7;15;3;0;0;"";"";"";0;0;0;0;0;0
121;"Sonic CD";0;0;5;0;3;0;7;12;2;0;0;"";"";"";0;0;0;0;0;0
122;"Sonic the Hedgehog 4: Episode I";0;0;5;0;3;0;5;12;2;0;0;"";"";"";0;0;0;0;0;0
123;"Toy Soldiers";0;0;5;0;3;0;9;18;4;0;0;"";"";"";2;0;0;0;0;0
124;"Toy Soldiers: Cold War";0;0;5;0;3;0;11;26;4;0;0;"";"";"";2;0;0;0;0;0
125;"Trials HD";0;0;5;0;3;0;10;15;4;0;0;"";"";"";0;0;0;0;0;0
126;"Trials: Evolution";0;0;5;0;3;0;7;36;4;0;0;"";"";"";4;0;0;0;0;0
127;"Worms 2: Armageddon";0;0;5;0;0;0;0;25;3;0;0;"";"";"";4;0;0;0;0;0
128;"Worms: Ultimate Mayhem";0;0;5;0;3;0;7;21;5;0;0;"";"";"";4;0;0;0;0;0
129;"\'Splosion Man";0;0;5;0;3;0;7;12;2;0;0;"";"";"";0;4;0;0;0;0
130;"DLC Quest";0;0;6;0;4;0;0;0;3;0;0;"";"";"";0;0;0;0;0;0
131;"Blur";0;0;39;0;2;0;8;49;4;0;0;"";"";"";4;0;0;0;0;0
132;"Call of Duty: Black Ops";0;0;39;0;3;0;19;71;4;0;0;"";"";"";4;2;0;0;0;0
133;"Dark Souls";0;0;39;0;1;0;0;0;0;0;0;"";"";"";0;0;0;0;0;0
134;"DC Universe Online";0;0;39;0;0;0;0;24;2;0;0;"";"";"";0;0;0;0;0;0
135;"Demon's Souls";0;0;39;0;1;0;0;0;0;0;0;"";"";"";0;0;0;0;0;0
136;"Deus Ex: Human Revolution";0;0;39;0;2;0;35;50;5;0;0;"";"";"";0;0;0;0;0;0
137;"The Missing Link";0;1;39;0;1;0;0;0;0;0;0;"";"";"";0;0;0;0;0;0
138;"God of War Collection";0;0;39;0;0;0;0;0;0;0;0;"";"";"";0;0;0;0;0;0
139;"God of War";1;0;39;15;3;0;29;36;4;0;0;"";"";"";0;0;0;0;0;0
140;"God of War II";1;0;39;15;3;0;29;35;4;0;0;"";"";"";0;0;0;0;0;0
141;"God of War III";0;0;39;0;3;0;26;36;5;0;0;"";"";"";0;0;0;0;0;0
142;"Goldeneye 007: Reloaded";0;0;39;0;1;0;0;51;0;0;0;"";"";"";4;0;0;0;0;0
143;"Heavy Rain";0;0;39;0;3;0;27;57;5;0;0;"";"";"";0;0;0;0;0;0
144;"Heavy Rain Chronicles: Episode 1: The Taxidermist";0;1;39;0;4;0;0;0;3;0;0;"";"";"";0;0;0;0;0;0
145;"The Ico & Shadow of the Colossus Collection";0;0;39;0;0;0;0;0;0;0;0;"";"";"";0;0;0;0;0;0
146;"Ico";1;0;39;15;3;0;9;16;4;0;0;"";"";"";0;0;0;0;0;0
147;"Shadow of the Colossus";1;0;39;15;3;0;17;31;4;0;0;"";"";"";0;0;0;0;0;0
148;"inFamous";0;0;39;0;3;0;33;50;5;0;0;"";"";"";0;0;0;0;0;0
149;"Jak & Daxter Collection";0;0;39;0;0;0;0;0;0;0;0;"";"";"";0;0;0;0;0;0
150;"Jak & Daxter: The Precursor Legacy";1;0;39;15;3;0;37;39;5;0;0;"";"";"";0;0;0;0;0;0
151;"Jak II";1;0;39;15;3;0;38;41;3;0;0;"";"";"";0;0;0;0;0;0
152;"Jak 3";1;0;39;15;3;0;45;47;4;0;0;"";"";"";0;0;0;0;0;0
153;"Killzone 2";0;0;39;0;3;0;22;84;3;0;0;"";"";"";0;0;0;0;0;0
154;"L.A. Noire";0;0;39;0;3;0;26;61;4;0;0;"";"";"";0;0;0;0;0;0
155;"The Last of Us";0;1;39;0;3;0;6;50;4;0;0;"";"";"";0;0;0;0;0;0
156;"Left Behind";0;0;39;0;3;0;0;0;4;0;0;"";"";"";0;0;0;0;0;0
157;"LittleBigPlanet";0;0;39;0;3;0;35;70;4;0;0;"";"";"";0;4;0;0;0;0
158;"LittleBigPlanet Karting";0;0;39;0;1;0;3;45;0;0;0;"";"";"";4;0;0;0;0;0
159;"MAG";0;0;39;0;0;0;17;44;4;0;0;"";"";"";0;0;0;0;0;0
160;"Metal Gear Solid 4: Guns of the Patriots";0;0;39;0;3;0;0;0;5;0;0;"";"";"";0;0;0;0;0;0
161;"Metal Gear Solid HD Collection";0;0;39;0;2;0;0;0;0;0;0;"";"";"";0;0;0;0;0;0
162;"Metal Gear";1;0;39;-1;2;0;0;0;0;0;0;"";"";"";0;0;0;0;0;0
163;"Metal Gear 2: Solid Snake";1;0;39;-1;3;0;0;0;0;0;0;"";"";"";0;0;0;0;0;0
164;"Metal Gear Solid 2: Sons of Liberty";1;0;39;15;3;0;16;46;4;0;0;"";"";"";0;0;0;0;0;0
165;"Metal Gear Solid 3: Snake Eater";1;0;39;15;3;0;20;46;5;0;0;"";"";"";0;0;0;0;0;0
166;"Metal Gear Solid: Peace Walker";1;0;39;16;3;0;15;50;3;0;0;"";"";"";0;0;0;0;0;0
167;"Metro: Last Light";0;0;39;0;3;0;17;71;4;0;0;"";"";"";0;0;0;0;0;0
168;"Minecraft: PlayStation 3 Edition";0;0;39;0;0;0;7;51;5;0;0;"";"";"";4;4;0;0;0;0
169;"Mortal Kombat (2011)";0;0;39;0;4;0;33;51;5;0;0;"";"";"";4;2;0;0;0;0
170;"MotorStorm: Apocalypse";0;0;39;0;1;0;0;0;0;0;0;"";"";"";4;0;0;0;0;0
171;"PlayStation All-Stars Battle Royale";0;0;39;0;3;0;25;56;4;0;0;"";"";"";4;0;0;0;0;0
172;"Portal 2";0;0;39;0;3;0;19;51;5;0;0;"";"";"";0;2;0;0;0;0
173;"SSX (2012)";0;0;39;0;3;0;37;37;5;0;0;"";"";"";0;0;0;0;0;0
174;"Mt. Eddie";0;1;39;0;4;0;0;0;5;0;0;"";"";"";0;0;0;0;0;0
175;"Twisted Metal (2012)";0;0;39;0;3;0;14;40;5;0;0;"";"";"";4;2;0;0;0;0
176;"Uncharted 2: Among Thieves";0;0;39;0;3;0;25;71;3;0;0;"";"";"";0;0;0;0;0;0
177;"Uncharted 3: Drake's Deception";0;0;39;0;1;0;0;105;0;0;0;"";"";"";0;2;0;0;0;0
178;"Uncharted: Drake's Fortune";0;0;39;0;3;0;23;48;3;0;0;"";"";"";0;0;0;0;0;0
179;"Badland: Game of the Year Edition";0;0;8;0;2;0;7;43;0;0;0;"";"";"";4;0;0;0;0;0
180;"BlazeRush";0;0;8;0;1;0;0;21;0;0;0;"";"";"";4;0;0;0;0;0
181;"Bomberman Ultra";0;0;8;0;0;0;1;11;3;0;0;"";"";"";7;0;0;0;0;0
182;"Braid";0;0;8;0;3;0;11;12;3;0;0;"";"";"";0;0;0;0;0;0
183;"Castle Crashers";0;0;8;0;2;0;1;13;0;0;0;"";"";"";0;4;0;0;0;0
184;"Divekick";0;0;8;0;3;0;1;14;4;0;0;"";"";"";2;0;0;0;0;0
185;"Flower";0;0;8;0;3;0;3;14;3;0;0;"";"";"";0;0;0;0;0;0
186;"Geometry Wars 3: Dimensions Evolved";0;0;8;0;0;0;11;31;4;0;0;"";"";"";0;4;0;0;0;0
187;"Journey";0;0;8;0;3;0;7;14;5;0;0;"";"";"";0;0;0;0;0;0
188;"Mortal Kombat: Arcade Kollection";0;0;8;0;0;0;0;0;0;0;0;"";"";"";0;0;0;0;0;0
189;"Mortal Kombat";1;0;8;-2;3;0;9;12;2;0;0;"";"";"";2;0;0;0;0;0
190;"Mortal Kombat II";1;0;8;-2;3;0;9;12;2;0;0;"";"";"";2;0;0;0;0;0
191;"Ultimate Mortal Kombat 3";1;0;8;-2;3;0;9;12;3;0;0;"";"";"";2;0;0;0;0;0
192;"Scott Pilgrim vs. The World: The Game";0;0;8;0;2;0;1;19;0;0;0;"";"";"";0;4;0;0;0;0
193;"Sportsfriends";0;0;8;0;0;0;0;0;0;0;0;"";"";"";0;0;0;0;0;0
194;"BaraBariBall";1;0;8;0;0;0;2;14;4;0;0;"";"";"";4;0;0;0;0;0
195;"Hokra";1;0;8;0;0;0;0;0;4;0;0;"";"";"";4;0;0;0;0;0
196;"Johann Sebastian Joust";1;0;8;0;0;0;0;0;0;0;0;"";"";"";7;0;0;0;0;0
197;"Super Pole Riders";1;0;8;0;0;0;0;0;4;0;0;"";"";"";4;0;0;0;0;0
198;"Starwhal";0;0;8;0;0;0;0;23;5;0;0;"";"";"";4;0;0;0;0;0
199;"Super Motherload";0;0;8;0;3;0;4;9;3;0;0;"";"";"";0;4;0;0;0;0
200;"Super Street Fighter II Turbo HD Remix";0;0;8;0;3;0;0;0;3;0;0;"";"";"";2;0;0;0;0;0
201;"Supersonic Acrobatic Rocket-Powered Battle-Cars";0;0;8;0;2;0;0;14;4;0;0;"";"";"";4;0;0;0;0;0
202;"Tokyo Jungle";0;0;8;0;3;0;10;13;3;0;0;"";"";"";0;2;0;0;0;0
203;"Toybox Turbos";0;0;8;0;4;0;14;16;5;0;0;"";"";"";4;0;0;0;0;0
204;"Wipeout HD";0;0;8;0;3;0;14;51;3;0;0;"";"";"";2;0;0;0;0;0
205;"Fury";0;1;8;0;3;0;0;0;2;0;0;"";"";"";2;0;0;0;0;0
206;"Worms: Revolution";0;0;8;0;0;0;4;35;3;0;0;"";"";"";4;0;0;0;0;0
207;"Crash Bandicoot";0;0;9;17;3;0;0;0;4;0;0;"";"";"";0;0;0;0;0;0
208;"Crash Team Racing";0;0;9;17;3;0;0;0;5;0;0;"";"";"";4;0;0;0;0;0
209;"Metal Gear Solid";0;0;9;17;3;0;0;0;5;0;0;"";"";"";0;0;0;0;0;0
210;"Red Faction II";0;0;9;15;3;0;0;0;2;0;0;"";"";"";4;0;0;0;0;0
211;"Spyro the Dragon";0;0;9;17;4;0;0;0;3;0;0;"";"";"";0;0;0;0;0;0
212;"Toy Story 2: Buzz Lightyear to the Rescue";0;0;9;17;3;0;0;0;4;0;0;"";"";"";0;0;0;0;0;0
213;"Twisted Metal 2";0;0;9;17;3;0;0;0;2;0;0;"";"";"";2;2;0;0;0;0
214;"Animal Crossing: City Folk";0;0;54;0;0;0;0;0;3;0;0;"";"";"";0;0;0;0;0;0
215;"Boom Blox: Bash Party";0;0;54;0;0;0;0;0;4;0;0;"";"";"";4;4;0;0;0;0
216;"The Conduit";0;0;54;0;4;0;0;0;3;0;0;"";"";"";0;0;0;0;0;0
217;"Donkey Kong Country Returns";0;0;54;0;3;0;0;0;5;0;0;"";"";"";0;2;0;0;0;0
218;"Dragon Ball Z: Budokai Tenkaichi 2";0;0;54;0;4;0;0;0;3;0;0;"";"";"";2;0;0;0;0;0
219;"Elebits";0;0;54;0;3;0;0;0;4;0;0;"";"";"";4;0;0;0;0;0
220;"Excitebots: Trick Racing";0;0;54;0;3;0;0;0;4;0;0;"";"";"";2;0;0;0;0;0
221;"Godzilla Unleashed";0;0;54;0;4;0;0;0;4;0;0;"";"";"";4;0;0;0;0;0
222;"The Legend of Zelda: Skyward Sword";0;0;54;0;3;0;0;0;4;0;0;"";"";"";0;0;0;0;0;0
223;"The Legend of Zelda: Twilight Princess";0;0;54;0;3;0;0;0;5;0;0;"";"";"";0;0;0;0;0;0
224;"Lego Star Wars: The Complete Saga";0;0;54;0;3;0;0;0;4;0;0;"";"";"";0;2;0;0;0;0
225;"Let's Tap";0;0;54;0;0;0;0;0;3;0;0;"";"";"";4;0;0;0;0;0
226;"Link's Crossbow Training";0;0;54;0;1;0;0;0;0;0;0;"";"";"";4;0;0;0;0;0
227;"Mario & Sonic at the London 2012 Olympic Games";0;0;54;0;0;0;0;0;3;0;0;"";"";"";4;0;0;0;0;0
228;"Mario Kart Wii";0;0;54;0;4;0;0;0;4;0;0;"";"";"";4;0;0;0;0;0
229;"Mario Party 8";0;0;54;0;4;0;0;0;3;0;0;"";"";"";4;0;0;0;0;0
230;"Mario Party 9";0;0;54;0;3;0;0;0;5;0;0;"";"";"";4;0;0;0;0;0
231;"Mario Strikers: Charged";0;0;54;0;2;0;0;0;5;0;0;"";"";"";4;4;0;0;0;0
232;"Mario Super Sluggers";0;0;54;0;3;0;0;0;4;0;0;"";"";"";4;0;0;0;0;0
233;"Metroid Prime 3: Corruption";0;0;54;0;3;0;0;0;5;0;0;"";"";"";0;0;0;0;0;0
234;"Metroid: Other M";0;0;54;0;4;0;0;0;4;0;0;"";"";"";0;0;0;0;0;0
235;"New Super Mario Bros. Wii";0;0;54;0;3;0;0;0;5;0;0;"";"";"";4;4;0;0;0;0
236;"No More Heroes";0;0;54;0;3;0;0;0;4;0;0;"";"";"";0;0;0;0;0;0
237;"No More Heroes 2: Desperate Struggle";0;0;54;0;3;0;0;0;4;0;0;"";"";"";0;0;0;0;0;0
238;"Punch-Out!!";0;0;54;0;3;0;0;0;5;0;0;"";"";"";2;0;0;0;0;0
239;"Rayman Raving Rabbids: TV Party";0;0;54;0;1;0;0;0;0;0;0;"";"";"";4;0;0;0;0;0
240;"Red Steel 2";0;0;54;0;3;0;0;0;4;0;0;"";"";"";0;0;0;0;0;0
241;"Sonic and the Secret Rings";0;0;54;0;1;0;0;0;0;0;0;"";"";"";4;0;0;0;0;0
242;"Super Mario Galaxy";0;0;54;0;4;0;0;0;5;0;0;"";"";"";0;2;0;0;0;0
243;"Super Mario Galaxy 2";0;0;54;0;3;0;0;0;5;0;0;"";"";"";0;2;0;0;0;0
244;"Super Smash Bros. Brawl";0;0;54;0;3;0;0;0;5;0;0;"";"";"";4;2;0;0;0;0
245;"WarioWare: Smooth Moves";0;0;54;0;4;0;0;0;5;0;0;"";"";"";12;2;0;0;0;0
246;"Wii Party";0;0;54;0;0;0;0;0;4;0;0;"";"";"";4;4;0;0;0;0
247;"Wii Play";0;0;54;0;3;0;0;0;3;0;0;"";"";"";2;2;0;0;0;0
248;"Wii Sports";0;0;54;0;0;0;0;0;2;0;0;"";"";"";4;2;0;0;0;0
249;"Bomberman Blast";0;0;12;0;0;0;0;0;4;0;0;"";"";"";8;0;0;0;0;0
250;"Contra: Rebirth";0;0;12;0;3;0;0;0;3;0;0;"";"";"";0;2;0;0;0;0
251;"Doc Louis's Punch-Out";0;0;12;0;4;0;0;0;4;0;0;"";"";"";0;0;0;0;0;0
252;"Driift Mania";0;0;12;0;0;0;0;0;3;0;0;"";"";"";8;8;0;0;0;0
253;"Fluidity";0;0;12;0;3;0;0;0;4;0;0;"";"";"";0;0;0;0;0;0
254;"Mega Man 10";0;0;12;0;3;0;0;0;5;0;0;"";"";"";0;0;0;0;0;0
255;"Mega Man 9";0;0;12;0;3;0;0;0;5;0;0;"";"";"";0;0;0;0;0;0
256;"PokEmon Rumble";0;0;12;0;2;0;0;0;2;0;0;"";"";"";0;4;0;0;0;0
257;"WarioWare: D.I.Y. Showcase";0;0;12;0;4;0;0;0;4;0;0;"";"";"";4;0;0;0;0;0
258;"World of Goo";0;0;12;0;3;0;0;0;5;0;0;"";"";"";0;2;0;0;0;0
259;"Actraiser";0;0;13;20;4;0;0;0;4;0;0;"";"";"";0;0;0;0;0;0
260;"Battle Lode Runner";0;0;13;-3;0;0;0;0;2;0;0;"";"";"";5;0;0;0;0;0
261;"F-Zero X";0;0;13;18;3;0;0;0;4;0;0;"";"";"";4;0;0;0;0;0
262;"Kirby 64: The Crystal Shards";0;0;13;18;4;0;0;0;5;0;0;"";"";"";4;0;0;0;0;0
263;"Kirby's Adventure";0;0;13;21;3;0;0;0;2;0;0;"";"";"";0;0;0;0;0;0
264;"The Legend of Zelda: Majora's Mask";0;0;13;18;3;0;0;0;5;0;0;"";"";"";0;0;0;0;0;0
265;"Mario Kart 64";0;0;13;18;3;0;0;0;4;0;0;"";"";"";4;2;0;0;0;0
266;"Mario Tennis";0;0;13;18;3;0;0;0;4;0;0;"";"";"";4;2;0;0;0;0
267;"Mega Man 2";0;0;13;21;4;0;0;0;4;0;0;"";"";"";0;0;0;0;0;0
268;"Paper Mario";0;0;13;18;3;0;0;0;5;0;0;"";"";"";0;0;0;0;0;0
269;"Punch-Out!!: Featuring Mr. Dream";0;0;13;21;2;0;0;0;4;0;0;"";"";"";0;0;0;0;0;0
270;"Star Fox 64";0;0;13;18;3;0;0;0;5;0;0;"";"";"";4;0;0;0;0;0
271;"Super Castlevania IV";0;0;13;20;4;0;0;0;3;0;0;"";"";"";0;0;0;0;0;0
272;"Super Mario Kart";0;0;13;20;3;0;0;0;2;0;0;"";"";"";2;2;0;0;0;0
273;"Super Mario RPG: Legend of the Seven Stars";0;0;13;20;3;0;0;0;2;0;0;"";"";"";0;0;0;0;0;0
274;"Super Punch-Out!!";0;0;13;20;2;0;0;0;4;0;0;"";"";"";0;0;0;0;0;0
275;"Fuzion Frenzy";0;0;14;0;0;0;0;0;3;0;0;"";"";"";4;0;0;0;0;0
276;"Godzilla: Save the Earth";0;0;14;0;3;0;0;0;3;0;0;"";"";"";4;0;0;0;0;0
277;"Halo 2";0;0;14;0;3;0;0;0;4;0;0;"";"";"";4;2;8;0;0;0
278;"Halo: Combat Evolved";0;0;14;0;3;0;0;0;4;0;0;"";"";"";4;2;8;0;0;0
279;"Mortal Kombat: Armageddon";0;0;14;0;3;0;0;0;3;0;0;"";"";"";2;0;0;0;0;0
280;"Mortal Kombat: Deception";0;0;14;0;3;0;0;0;3;0;0;"";"";"";2;0;0;0;0;0
281;"Mortal Kombat";1;0;14;-2;3;0;0;0;2;0;0;"";"";"";2;0;0;0;0;0
282;"SSX 3";0;0;14;0;3;0;0;0;3;0;0;"";"";"";2;0;0;0;0;0
283;"Mega Man X7";0;0;15;0;3;0;0;0;2;0;0;"";"";"";0;0;0;0;0;0
284;"Mega Man X8";0;0;15;0;3;0;0;0;3;0;0;"";"";"";0;0;0;0;0;0
285;"Mortal Kombat: Shaolin Monks";0;0;15;0;3;0;0;0;3;0;0;"";"";"";0;2;0;0;0;0
286;"Animal Crossing";0;0;16;0;0;0;0;0;4;0;0;"";"";"";0;0;0;0;0;0
287;"Beach Spikers: Virtua Beach Volleyball";0;0;16;0;0;0;0;0;3;0;0;"";"";"";4;2;0;0;0;0
288;"Chibi-Robo!";0;0;16;0;4;0;0;0;4;0;0;"";"";"";0;0;0;0;0;0
289;"F-Zero GX";0;0;16;0;3;0;0;0;5;0;0;"";"";"";4;0;0;0;0;0
290;"Final Fantasy: Crystal Chronicles";0;0;16;0;2;0;0;0;0;0;0;"";"";"";0;4;0;0;0;0
291;"Godzilla: Destroy All Monsters Melee";0;0;16;0;3;0;0;0;4;0;0;"";"";"";4;0;0;0;0;0
292;"Harvest Moon: A Wonderful Life";0;0;16;0;0;0;0;0;2;0;0;"";"";"";0;0;0;0;0;0
293;"Kirby Air Ride";0;0;16;0;0;0;0;0;5;0;0;"";"";"";4;0;0;0;0;0
294;"The Legend of Zelda: Collector's Edition";0;0;16;0;0;0;0;0;0;0;0;"";"";"";0;0;0;0;0;0
295;"The Legend of Zelda";1;0;16;21;3;0;0;0;3;0;0;"";"";"";0;0;0;0;0;0
296;"The Legend of Zelda: Majora's Mask";1;0;16;18;3;0;0;0;5;0;0;"";"";"";0;0;0;0;0;0
297;"The Legend of Zelda: Ocarina of Time";1;0;16;18;3;0;0;0;5;0;0;"";"";"";0;0;0;0;0;0
298;"Zelda II: The Adventure of Link";1;0;16;21;4;0;0;0;3;0;0;"";"";"";0;0;0;0;0;0
299;"The Legend of Zelda: Four Swords Adventures";0;0;16;0;2;0;0;0;0;0;0;"";"";"";4;4;0;0;0;0
300;"The Legend of Zelda: The Wind Waker";0;0;16;0;3;0;0;0;5;0;0;"";"";"";0;2;0;0;0;0
301;"Luigi's Mansion";0;0;16;0;4;0;0;0;5;0;0;"";"";"";0;0;0;0;0;0
302;"Mario Kart: Double Dash!!";0;0;16;0;4;0;0;0;4;0;0;"";"";"";4;2;0;0;0;0
303;"Mario Party 4";0;0;16;0;3;0;0;0;3;0;0;"";"";"";4;0;0;0;0;0
304;"Mario Party 5";0;0;16;0;3;0;0;0;4;0;0;"";"";"";4;0;0;0;0;0
305;"Mario Party 6";0;0;16;0;3;0;0;0;5;0;0;"";"";"";4;0;0;0;0;0
306;"Mario Party 7";0;0;16;0;3;0;0;0;3;0;0;"";"";"";8;0;0;0;0;0
307;"Mario Power Tennis";0;0;16;0;3;0;0;0;4;0;0;"";"";"";4;2;0;0;0;0
308;"Mario Superstar Baseball";0;0;16;0;3;0;0;0;4;0;0;"";"";"";4;0;0;0;0;0
309;"Mega Man Anniversary Collection";0;0;16;0;0;0;0;0;0;0;0;"";"";"";0;0;0;0;0;0
310;"Mega Man";1;0;16;21;4;0;0;0;3;0;0;"";"";"";0;0;0;0;0;0
311;"Mega Man 2";1;0;16;21;4;0;0;0;4;0;0;"";"";"";0;0;0;0;0;0
312;"Mega Man 3";1;0;16;21;4;0;0;0;4;0;0;"";"";"";0;0;0;0;0;0
313;"Mega Man 4";1;0;16;21;4;0;0;0;4;0;0;"";"";"";0;0;0;0;0;0
314;"Mega Man 5";1;0;16;21;4;0;0;0;4;0;0;"";"";"";0;0;0;0;0;0
315;"Mega Man 6";1;0;16;21;4;0;0;0;4;0;0;"";"";"";0;0;0;0;0;0
316;"Mega Man 7";1;0;16;20;4;0;0;0;5;0;0;"";"";"";0;0;0;0;0;0
317;"Mega Man 8";1;0;16;17;4;0;0;0;3;0;0;"";"";"";0;0;0;0;0;0
318;"Mega Man: The Power Battle";1;0;16;-2;4;0;0;0;3;0;0;"";"";"";0;2;0;0;0;0
319;"Mega Man: The Power Fighters";1;0;16;-2;4;0;0;0;3;0;0;"";"";"";0;2;0;0;0;0
320;"Mega Man X Collection";0;0;16;0;0;0;0;0;0;0;0;"";"";"";0;0;0;0;0;0
321;"Mega Man X";1;0;16;20;4;0;0;0;5;0;0;"";"";"";0;0;0;0;0;0
322;"Mega Man X2";1;0;16;20;4;0;0;0;5;0;0;"";"";"";0;0;0;0;0;0
323;"Mega Man X3";1;0;16;20;4;0;0;0;5;0;0;"";"";"";0;0;0;0;0;0
324;"Mega Man X4";1;0;16;17;3;0;0;0;4;0;0;"";"";"";0;0;0;0;0;0
325;"Mega Man X5";1;0;16;17;3;0;0;0;2;0;0;"";"";"";0;0;0;0;0;0
326;"Mega Man X6";1;0;16;17;3;0;0;0;1;0;0;"";"";"";0;0;0;0;0;0
327;"Mega Man: Battle & Chase";1;0;16;17;3;0;0;0;4;0;0;"";"";"";2;0;0;0;0;0
328;"Metroid Prime";0;0;16;0;3;0;0;0;5;0;0;"";"";"";0;0;0;0;0;0
329;"Metroid";1;0;16;21;3;0;0;0;3;0;0;"";"";"";0;0;0;0;0;0
330;"Metroid Prime 2: Echoes";0;0;16;0;3;0;0;0;5;0;0;"";"";"";4;0;0;0;0;0
331;"Mortal Kombat: Deadly Alliance";0;0;16;0;3;0;0;0;3;0;0;"";"";"";2;0;0;0;0;0
332;"Odama";0;0;16;0;4;0;0;0;4;0;0;"";"";"";0;0;0;0;0;0
333;"Pac-Man World 2";0;0;16;0;3;0;0;0;3;0;0;"";"";"";0;0;0;0;0;0
334;"Pac-Attack";1;0;16;19;0;0;0;0;2;0;0;"";"";"";2;0;0;0;0;0
335;"Pac-Man";1;0;16;-2;0;0;0;0;3;0;0;"";"";"";0;0;0;0;0;0
336;"Pac-Man Vs.";0;0;16;0;0;0;0;0;5;0;0;"";"";"";4;0;0;0;0;0
337;"Pikmin";0;0;16;0;4;0;0;0;5;0;0;"";"";"";0;0;0;0;0;0
338;"Pikmin 2";0;0;16;0;4;0;0;0;5;0;0;"";"";"";2;2;0;0;0;0
339;"Rampage: Total Destruction";0;0;16;0;3;0;0;0;3;0;0;"";"";"";4;2;0;0;0;0
340;"Rampage";1;0;16;-2;0;0;0;0;3;0;0;"";"";"";0;3;0;0;0;0
341;"Rampage: World Tour";1;0;16;-2;3;0;0;0;5;0;0;"";"";"";0;3;0;0;0;0
342;"Shadow the Hedgehog";0;0;16;0;3;0;0;0;3;0;0;"";"";"";2;0;0;0;0;0
343;"Sonic Adventure 2: Battle";0;0;16;0;3;0;0;0;4;0;0;"";"";"";2;0;0;0;0;0
344;"Sonic Gems Collection";0;0;16;0;0;0;0;0;0;0;0;"";"";"";0;0;0;0;0;0
345;"Sonic CD";1;0;16;-5;3;0;0;0;2;0;0;"";"";"";0;0;0;0;0;0
346;"Sonic Drift 2";1;0;16;-7;2;0;0;0;2;0;0;"";"";"";2;0;0;0;0;0
347;"Sonic R";1;0;16;-6;4;0;0;0;2;0;0;"";"";"";4;0;0;0;0;0
348;"Sonic Spinball";1;0;16;-7;2;0;0;0;1;0;0;"";"";"";0;0;0;0;0;0
349;"Sonic the Fighters";1;0;16;-2;4;0;0;0;2;0;0;"";"";"";2;0;0;0;0;0
350;"Sonic the Hedgehog 2 (8-bit)";1;0;16;-7;2;0;0;0;2;0;0;"";"";"";0;0;0;0;0;0
351;"Sonic the Hedgehog: Triple Trouble";1;0;16;-7;2;0;0;0;2;0;0;"";"";"";0;0;0;0;0;0
352;"Tails Adventures";1;0;16;-7;2;0;0;0;2;0;0;"";"";"";0;0;0;0;0;0
353;"Tails' Skypatrol";1;0;16;-7;2;0;0;0;1;0;0;"";"";"";0;0;0;0;0;0
354;"Vectorman";1;0;16;19;1;0;0;0;0;0;0;"";"";"";0;0;0;0;0;0
355;"Vectorman 2";1;0;16;19;1;0;0;0;0;0;0;"";"";"";0;0;0;0;0;0
356;"Spyro: Enter the Dragonfly";0;0;16;0;4;0;0;0;2;0;0;"";"";"";0;0;0;0;0;0
357;"Star Fox: Assault";0;0;16;0;3;0;0;0;4;0;0;"";"";"";4;0;0;0;0;0
358;"Super Mario Strikers";0;0;16;0;3;0;0;0;4;0;0;"";"";"";4;4;0;0;0;0
359;"Super Mario Sunshine";0;0;16;0;4;0;0;0;5;0;0;"";"";"";0;0;0;0;0;0
360;"Super Monkey Ball 2";0;0;16;0;3;0;0;0;4;0;0;"";"";"";4;0;0;0;0;0
361;"Super Smash Bros. Melee";0;0;16;0;3;0;0;0;5;0;0;"";"";"";4;0;0;0;0;0
362;"WarioWare, Inc.: Mega Party Game$!";0;0;16;0;3;0;0;0;4;0;0;"";"";"";4;0;0;0;0;0
363;"Crash Bandicoot";0;0;17;0;3;0;0;0;3;0;0;"";"";"";0;0;0;0;0;0
364;"Crash Bash";0;0;17;0;3;0;0;0;4;0;0;"";"";"";4;2;0;0;0;0
365;"Frogger (1997)";0;0;17;0;1;0;0;0;0;0;0;"";"";"";4;0;0;0;0;0
366;"Frogger 2: Swampy's Revenge";0;0;17;0;1;0;0;0;0;0;0;"";"";"";4;0;0;0;0;0
367;"International Track & Field";0;0;17;0;1;0;0;0;0;0;0;"";"";"";4;0;0;0;0;0
368;"Micro Machines V3";0;0;17;0;1;0;0;0;0;0;0;"";"";"";8;0;0;0;0;0
369;"Pong: The Next Level";0;0;17;0;2;0;0;0;0;0;0;"";"";"";4;0;0;0;0;0
370;"Banjo-Kazooie";0;0;18;0;4;0;0;0;5;0;0;"";"";"";0;0;0;0;0;0
371;"Banjo-Tooie";0;0;18;0;4;0;0;0;5;0;0;"";"";"";4;0;0;0;0;0
372;"Bomberman 64";0;0;18;0;1;0;0;0;0;0;0;"";"";"";4;0;0;0;0;0
373;"Diddy Kong Racing";0;0;18;0;3;0;0;0;5;0;0;"";"";"";4;0;0;0;0;0
374;"Donkey Kong 64";0;0;18;0;3;0;0;0;4;0;0;"";"";"";4;0;0;0;0;0
375;"Excitebike 64";0;0;18;0;3;0;0;0;5;0;0;"";"";"";4;0;0;0;0;0
376;"Excitebike";1;0;18;21;0;0;0;0;2;0;0;"";"";"";0;0;0;0;0;0
377;"F-Zero X";0;0;18;0;3;0;0;0;4;0;0;"";"";"";4;0;0;0;0;0
378;"Goldeneye 007";0;0;18;0;4;0;0;0;5;0;0;"";"";"";4;0;0;0;0;0
379;"The Legend of Zelda: Ocarina of Time";0;0;18;0;3;0;0;0;5;0;0;"";"";"";0;0;0;0;0;0
380;"Mario Golf";0;0;18;0;0;0;0;0;3;0;0;"";"";"";4;0;0;0;0;0
381;"Mario Kart 64";0;0;18;0;3;0;0;0;4;0;0;"";"";"";4;2;0;0;0;0
382;"Mario Party";0;0;18;0;3;0;0;0;4;0;0;"";"";"";4;0;0;0;0;0
383;"Mario Party 2";0;0;18;0;3;0;0;0;4;0;0;"";"";"";4;0;0;0;0;0
384;"Mario Party 3";0;0;18;0;3;0;0;0;5;0;0;"";"";"";4;0;0;0;0;0
385;"Mario Tennis";0;0;18;0;3;0;0;0;4;0;0;"";"";"";4;2;0;0;0;0
386;"Perfect Dark";0;0;18;0;3;0;0;0;5;0;0;"";"";"";4;2;0;0;0;0
387;"PokEmon Snap";0;0;18;0;4;0;0;0;5;0;0;"";"";"";0;0;0;0;0;0
388;"PokEmon Stadium";0;0;18;0;2;0;0;0;4;0;0;"";"";"";4;0;0;0;0;0
389;"PokEmon Stadium 2";0;0;18;0;2;0;0;0;4;0;0;"";"";"";4;0;0;0;0;0
390;"Snowboard Kids 2";0;0;18;0;3;0;0;0;4;0;0;"";"";"";4;0;0;0;0;0
391;"Super Smash Bros.";0;0;18;0;4;0;0;0;5;0;0;"";"";"";4;0;0;0;0;0
392;"WWF: No Mercy";0;0;18;0;1;0;0;0;0;0;0;"";"";"";4;0;0;0;0;0
393;"Yoshi's Story";0;0;18;0;3;0;0;0;3;0;0;"";"";"";0;0;0;0;0;0
394;"Contra III: The Alien Wars";0;0;20;0;3;0;0;0;5;0;0;"";"";"";0;2;0;0;0;0
395;"Donkey Kong Country";0;0;20;0;3;0;0;0;5;0;0;"";"";"";0;2;0;0;0;0
396;"Donkey Kong Country 2: Diddy's Kong Quest";0;0;20;0;3;0;0;0;5;0;0;"";"";"";0;2;0;0;0;0
397;"Donkey Kong Country 3: Dixie's Double Trouble";0;0;20;0;3;0;0;0;5;0;0;"";"";"";0;2;0;0;0;0
398;"F-Zero";0;0;20;0;3;0;0;0;3;0;0;"";"";"";2;0;0;0;0;0
399;"Kirby Super Star";0;0;20;0;3;0;0;0;5;0;0;"";"";"";0;2;0;0;0;0
400;"Mario Paint";0;0;20;0;0;0;0;0;0;0;0;"";"";"";0;0;0;0;0;0
401;"Super Mario World";0;0;20;0;4;0;0;0;5;0;0;"";"";"";0;2;0;0;0;0
402;"Super Metroid";0;0;20;0;3;0;0;0;5;0;0;"";"";"";0;0;0;0;0;0
403;"Wheel of Fortune: Deluxe Edition";0;0;20;0;0;0;0;0;1;0;0;"";"";"";2;0;0;0;0;0
404;"Boogerman";0;0;19;0;2;0;0;0;2;0;0;"";"";"";0;0;0;0;0;0
405;"Cool Spot";0;0;19;0;2;0;0;0;2;0;0;"";"";"";0;0;0;0;0;0
406;"Dr. Robotnik's Mean Bean Machine";0;0;19;0;2;0;0;0;3;0;0;"";"";"";2;0;0;0;0;0
407;"LHX Attack Chopper";0;0;19;0;0;0;0;0;1;0;0;"";"";"";0;0;0;0;0;0
408;"Marko";0;0;19;0;2;0;0;0;2;0;0;"";"";"";0;0;0;0;0;0
409;"Micro Machines";0;0;19;0;2;0;0;0;3;0;0;"";"";"";2;0;0;0;0;0
410;"Ms. Pac-Man";0;0;19;0;0;0;0;0;3;0;0;"";"";"";2;2;0;0;0;0
411;"Sonic The Hedgehog 2";0;0;19;0;3;0;0;0;4;0;0;"";"";"";2;2;0;0;0;0
412;"TaleSpin";0;0;19;0;2;0;0;0;2;0;0;"";"";"";0;2;0;0;0;0
413;"WWF: Royal Rumble";0;0;19;0;2;0;0;0;2;0;0;"";"";"";2;2;0;0;0;0
414;"Captain Skyhawk";0;0;21;0;4;0;0;0;3;0;0;"";"";"";0;0;0;0;0;0
415;"Donkey Kong Jr.";0;0;21;0;4;0;0;0;2;0;0;"";"";"";0;0;0;0;0;0
416;"Faxanadu";0;0;21;0;3;0;0;0;3;0;0;"";"";"";0;0;0;0;0;0
417;"Metroid";0;0;21;0;3;0;0;0;3;0;0;"";"";"";0;0;0;0;0;0
418;"Solar Jetman";0;0;21;0;2;0;0;0;2;0;0;"";"";"";0;0;0;0;0;0
419;"Super Mario Bros. 2";0;0;21;0;2;0;0;0;2;0;0;"";"";"";0;2;0;0;0;0
420;"Super Mario Bros. 3";0;0;21;0;4;0;0;0;4;0;0;"";"";"";0;2;0;0;0;0
421;"Super Mario Bros./Duck Hunt";0;0;21;0;0;0;0;0;0;0;0;"";"";"";0;0;0;0;0;0
422;"Super Mario Bros.";1;0;21;0;3;0;0;0;2;0;0;"";"";"";0;2;0;0;0;0
423;"Duck Hunt";1;0;21;0;0;0;0;0;2;0;0;"";"";"";2;0;0;0;0;0
424;"Teenage Mutant Ninja Turtles";0;0;21;0;2;0;0;0;2;0;0;"";"";"";0;2;0;0;0;0
425;"To the Earth";0;0;21;0;2;0;0;0;1;0;0;"";"";"";0;0;0;0;0;0
426;"Yoshi's Cookie";0;0;21;0;0;0;0;0;1;0;0;"";"";"";2;0;0;0;0;0
427;"Cooking Mama 4: Kitchen Magic";0;0;40;0;0;0;0;0;3;0;0;"";"";"";4;0;0;0;0;0
428;"Fire Emblem Awakening";0;0;40;0;1;0;0;0;0;0;0;"";"";"";0;0;0;2;0;0
429;"Kid Icarus: Uprising";0;0;40;0;3;0;0;0;4;0;0;"";"";"";0;0;6;0;0;0
430;"The Legend of Zelda: Tri Force Heroes";0;0;40;0;2;0;0;0;0;0;0;"";"";"";0;3;3;3;0;0
431;"Luigi's Mansion: Dark Moon";0;0;40;0;3;0;0;0;5;0;0;"";"";"";0;4;0;4;0;0
432;"Mario & Sonic at the London 2012 Olympic Games";0;0;40;0;3;0;0;0;4;0;0;"";"";"";4;0;4;0;0;0
433;"Mario Kart 7";0;0;40;0;3;0;0;0;4;0;0;"";"";"";8;0;8;0;0;0
434;"Mario Party: Island Tour";0;0;40;0;3;0;0;0;5;0;0;"";"";"";4;0;0;0;0;0
435;"Mario Party: Star Rush";0;0;40;0;3;0;0;0;4;0;0;"";"";"";4;0;4;0;0;0
436;"New Super Mario Bros. 2";0;0;40;0;3;0;0;0;5;0;0;"";"";"";0;0;0;2;0;0
437;"Paper Mario: Sticker Star";0;0;40;0;4;0;0;0;3;0;0;"";"";"";0;0;0;0;0;0
438;"Professor Layton and the Azran Legacy";0;0;40;0;4;1;0;0;4;0;0;"";"";"";0;0;0;0;0;0
439;"Professor Layton and the Miracle Mask";0;0;40;0;4;1;0;0;5;0;0;"";"";"";0;0;0;0;0;0
440;"Professor Layton vs. Phoenix Wright: Ace Attorney";0;0;40;0;4;1;0;0;5;0;0;"";"";"";0;0;0;0;0;0
441;"Scribblenauts Unlimited";0;0;40;0;4;0;0;0;4;0;0;"";"";"";0;0;0;0;0;0
442;"Sega 3D Classics Collection";0;0;40;0;0;0;0;0;0;0;0;"";"";"";0;0;0;0;0;0
443;"Altered Beast";1;0;40;19;3;0;0;0;1;0;0;"";"";"";0;0;0;2;0;0
444;"Fantasy Zone";1;0;40;-4;2;0;0;0;1;0;0;"";"";"";0;0;0;0;0;0
445;"Fantasy Zone II W";1;0;40;-2;3;0;0;0;2;0;0;"";"";"";0;0;0;0;0;0
446;"Fantasy Zone II: The Tears of Opa-Opa";1;0;40;-4;2;0;0;0;1;0;0;"";"";"";0;0;0;0;0;0
447;"Galaxy Force II";1;0;40;-2;3;0;0;0;2;0;0;"";"";"";0;0;0;0;0;0
448;"Maze Walker";1;0;40;-4;2;0;0;0;1;0;0;"";"";"";0;0;0;0;0;0
449;"Power Drift";1;0;40;-2;3;0;0;0;2;0;0;"";"";"";0;0;0;0;0;0
450;"Puyo Puyo 2";1;0;40;-2;2;0;0;0;3;0;0;"";"";"";0;0;2;0;0;0
451;"Sonic the Hedgehog";1;0;40;19;3;0;0;0;3;0;0;"";"";"";0;0;0;0;0;0
452;"Thunder Blade";1;0;40;-2;3;0;0;0;1;0;0;"";"";"";0;0;0;0;0;0
453;"Sonic Generations";0;0;40;0;3;0;0;0;4;0;0;"";"";"";0;0;2;0;0;0
454;"Sonic Lost World";0;0;40;0;3;0;0;0;3;0;0;"";"";"";4;0;4;0;0;0
455;"Star Fox 64 3D";0;0;40;0;4;0;0;0;5;0;0;"";"";"";4;0;0;0;0;0
456;"Steel Diver";0;0;40;0;3;0;0;0;3;0;0;"";"";"";2;0;0;0;0;0
457;"Super Mario 3D Land";0;0;40;0;4;0;0;0;5;0;0;"";"";"";0;0;0;0;0;0
458;"Super Smash Bros. for Nintendo 3DS";0;0;40;0;3;0;0;0;5;0;0;"";"";"";0;0;4;2;0;0
459;"Super Street Fighter IV: 3D Edition";0;0;40;0;3;0;0;0;4;0;0;"";"";"";2;0;2;0;0;0
460;"Tetris: Axis";0;0;40;0;0;0;0;0;3;0;0;"";"";"";8;0;0;0;0;0
461;"Zero Escape: Virtue's Last Reward";0;0;40;0;4;0;0;0;3;0;0;"";"";"";0;0;0;0;0;0
462;"3D Sonic the Hedgehog 2";0;0;23;19;3;0;0;0;4;0;0;"";"";"";0;0;2;2;0;0
463;"Ace Attorney: Phoenix Wright: Dual Destinies";0;0;23;0;4;0;0;0;5;0;0;"";"";"";0;0;0;0;0;0
464;"Turnabout Reclaimed";0;1;23;0;4;0;0;0;4;0;0;"";"";"";0;0;0;0;0;0
465;"Ace Attorney: Phoenix Wright: Spirit of Justice";0;0;23;0;4;0;0;0;5;0;0;"";"";"";0;0;0;0;0;0
466;"Turnabout Time Traveler";0;1;23;0;4;0;0;0;4;0;0;"";"";"";0;0;0;0;0;0
467;"Cave Story";0;0;23;0;2;0;0;0;4;0;0;"";"";"";0;0;0;0;0;0
468;"Gunman Clive";0;0;23;0;4;0;0;0;3;0;0;"";"";"";0;0;0;0;0;0
469;"Kersploosh!";0;0;23;0;4;0;0;0;3;0;0;"";"";"";0;0;0;0;0;0
470;"Kid Icarus: 3D Classics";0;0;23;21;4;0;0;0;3;0;0;"";"";"";0;0;0;0;0;0
471;"Kirby Fighters Deluxe";0;0;23;0;4;0;0;0;4;0;0;"";"";"";4;0;4;0;0;0
472;"Kirby's Adventure: 3D Classics";0;0;23;21;3;0;0;0;2;0;0;"";"";"";0;0;0;0;0;0
473;"Mario and Donkey Kong: Minis on the Move";0;0;23;0;3;0;0;0;4;0;0;"";"";"";0;0;0;0;0;0
474;"Metroid Prime: Blast Ball";0;0;23;0;0;0;0;0;3;0;0;"";"";"";6;0;6;0;0;0
475;"Mini Mario & Friends: amiibo Challenge";0;0;23;0;3;0;0;0;3;0;0;"";"";"";0;0;0;0;0;0
476;"Retro City Rampage DX";0;0;23;0;3;0;0;0;4;0;0;"";"";"";0;0;0;0;0;0
477;"Rusty's Real Deal Baseball";0;0;23;0;3;0;0;0;5;0;0;"";"";"";0;0;0;0;0;0
478;"Shantae and the Pirate's Curse";0;0;23;0;3;0;0;0;5;0;0;"";"";"";0;0;0;0;0;0
479;"SteamWorld Dig";0;0;23;0;4;0;0;0;5;0;0;"";"";"";0;0;0;0;0;0
480;"Steel Diver: Sub Wars";0;0;23;0;3;0;0;0;4;0;0;"";"";"";8;0;8;0;0;0
481;"VVVVVV";0;0;22;34;3;0;0;0;4;0;0;"";"";"";0;0;0;0;0;0
482;"Donkey Kong (1994)";0;0;24;31;4;0;0;0;4;0;0;"";"";"";0;0;0;0;0;0
483;"The Legend of Zelda";0;0;24;21;3;0;0;0;3;0;0;"";"";"";0;0;0;0;0;0
484;"The Legend of Zelda: Link's Awakening DX";0;0;24;30;3;0;0;0;4;0;0;"";"";"";0;0;0;0;0;0
485;"Super Mario Land";0;0;24;31;4;0;0;0;2;0;0;"";"";"";0;0;0;0;0;0
486;"Super Mario Land 2: 6 Golden Coins";0;0;24;31;4;0;0;0;3;0;0;"";"";"";0;0;0;0;0;0
487;"Wario Land 3";0;0;24;30;4;0;0;0;4;0;0;"";"";"";0;0;0;0;0;0
488;"Wario Land II";0;0;24;30;3;0;0;0;3;0;0;"";"";"";0;0;0;0;0;0
489;"Wario Land: Super Mario Land 3";0;0;24;31;3;0;0;0;3;0;0;"";"";"";0;0;0;0;0;0
490;"Zelda II: The Adventure of Link";0;0;24;21;4;0;0;0;3;0;0;"";"";"";0;0;0;0;0;0
491;"The Legend of Zelda: Four Swords: Anniversary Edition";0;0;25;29;3;0;0;0;4;0;0;"";"";"";0;0;0;4;0;0
492;"Pop Island: Paperfield";0;0;25;0;0;0;0;0;2;0;0;"";"";"";8;0;8;0;0;0
493;"WarioWare: Snapped";0;0;25;0;1;0;0;0;2;0;0;"";"";"";0;2;0;0;0;0
494;"Killzone: Liberation";0;0;27;0;0;0;0;0;0;0;0;"";"";"";0;0;0;0;0;0
495;"LittleBigPlanet";0;0;27;0;0;0;0;0;0;0;0;"";"";"";0;0;0;0;0;0
496;"999: Nine Hours, Nine Persons, Nine Doors";0;0;28;0;4;0;0;0;5;0;0;"";"";"";0;0;0;0;0;0
497;"Ace Attorney Investigations: Miles Edgeworth";0;0;28;0;4;0;0;0;5;0;0;"";"";"";0;0;0;0;0;0
498;"Ace Attorney: Apollo Justice";0;0;28;0;4;0;0;0;5;0;0;"";"";"";0;0;0;0;0;0
499;"Ace Attorney: Phoenix Wright";0;0;28;0;4;0;0;0;5;0;0;"";"";"";0;0;0;0;0;0
500;"Ace Attorney: Phoenix Wright: Justice for All";0;0;28;0;4;0;0;0;4;0;0;"";"";"";0;0;0;0;0;0
501;"Ace Attorney: Phoenix Wright: Trials and Tribulations";0;0;28;0;4;0;0;0;5;0;0;"";"";"";0;0;0;0;0;0
502;"Advance Wars: Days of Ruin";0;0;28;0;3;0;0;0;4;0;0;"";"";"";0;0;4;0;0;0
503;"Animal Crossing: Wild World";0;0;28;0;0;0;0;0;5;0;0;"";"";"";0;0;0;4;0;0
504;"Big Brain Academy";0;0;28;0;1;0;0;0;0;0;0;"";"";"";8;0;0;0;0;0
505;"Bomberman (2005)";0;0;28;0;0;0;0;0;4;0;0;"";"";"";8;0;0;0;0;0
506;"Brain Age 2: More Training in Minutes a Day!";0;0;28;0;0;0;0;0;4;0;0;"";"";"";16;0;0;0;0;0
507;"Brain Age: Train Your Brain in Minutes a Day!";0;0;28;0;0;0;0;0;4;0;0;"";"";"";16;0;0;0;0;0
508;"Call of Duty: Modern Warfare 3: Defiance";0;0;28;0;1;0;0;0;0;0;0;"";"";"";0;0;6;0;0;0
509;"Chrono Trigger";0;0;28;0;3;0;0;0;5;0;0;"";"";"";0;0;0;0;0;0
510;"Clubhouse Games";0;0;28;0;0;0;0;0;3;0;0;"";"";"";8;0;8;0;0;0
511;"Contra 4";0;0;28;0;3;0;0;0;5;0;0;"";"";"";0;0;0;2;0;0
512;"Contra";1;0;28;21;3;0;0;0;2;0;0;"";"";"";0;0;0;0;0;0
513;"Super C";1;0;28;21;2;0;0;0;2;0;0;"";"";"";0;0;0;0;0;0
514;"Diddy Kong Racing DS";0;0;28;0;4;0;0;0;4;0;0;"";"";"";8;0;8;0;0;0
515;"DK: Jungle Climber";0;0;28;0;4;0;0;0;5;0;0;"";"";"";4;0;0;0;0;0
516;"Dragon Quest Heroes: Rocket Slime";0;0;28;0;3;0;0;0;5;0;0;"";"";"";0;0;4;0;0;0
517;"Elite Beat Agents";0;0;28;0;4;0;0;0;5;0;0;"";"";"";4;2;4;2;0;0
518;"Geometry Wars: Galaxies";0;0;28;0;2;0;0;0;3;0;0;"";"";"";2;2;2;2;0;0
519;"Geometry Wars: Retro Evolved";1;0;28;5;0;0;0;0;3;0;0;"";"";"";0;0;0;0;0;0
520;"GoldenEye: Rogue Agent";0;0;28;0;2;0;0;0;1;0;0;"";"";"";8;0;4;0;0;0
521;"Grand Theft Auto: Chinatown Wars";0;0;28;0;3;0;0;0;5;0;0;"";"";"";0;0;2;2;0;0
522;"The Legend of Zelda: Spirit Tracks";0;0;28;0;3;0;0;0;4;0;0;"";"";"";4;0;0;0;0;0
523;"The Legend of Zelda: Phantom Hourglass";0;0;28;0;3;0;0;0;4;0;0;"";"";"";2;0;2;0;0;0
524;"Mario & Luigi: Bowser's Inside Story";0;0;28;0;3;0;0;0;4;0;0;"";"";"";0;0;0;0;0;0
525;"Mario & Sonic at the Olympic Games";0;0;28;0;3;0;0;0;2;0;0;"";"";"";4;0;4;0;0;0
526;"Mario & Sonic at the Olympic Winter Games";0;0;28;0;3;0;0;0;2;0;0;"";"";"";4;0;4;0;0;0
527;"Mario Hoops: 3-on-3";0;0;28;0;3;0;0;0;4;0;0;"";"";"";4;0;4;0;0;0
528;"Mario Kart DS";0;0;28;0;4;0;0;0;5;0;0;"";"";"";8;0;8;0;0;0
529;"Mario Party DS";0;0;28;0;3;0;0;0;4;0;0;"";"";"";4;0;0;0;0;0
530;"Mega Man ZX Advent";0;0;28;0;3;0;0;0;2;0;0;"";"";"";0;0;0;0;0;0
531;"Meteos";0;0;28;0;4;0;0;0;5;0;0;"";"";"";4;0;4;0;0;0
532;"Metroid Prime Hunters";0;0;28;0;3;0;0;0;4;0;0;"";"";"";4;0;4;0;0;0
533;"Metroid Prime Hunters: First Hunt";0;0;28;0;4;0;0;0;2;0;0;"";"";"";0;0;4;0;0;0
534;"Metroid Prime Pinball";0;0;28;0;1;0;0;0;0;0;0;"";"";"";8;0;8;0;0;0
535;"Moon";0;0;28;0;3;0;0;0;3;0;0;"";"";"";0;0;0;0;0;0
536;"Namco Museum DS";0;0;28;0;0;0;0;0;0;0;0;"";"";"";0;0;0;0;0;0
537;"Dig Dug II";1;0;28;-2;0;0;0;0;2;0;0;"";"";"";0;0;0;0;0;0
538;"Galaga";1;0;28;-2;0;0;0;0;2;0;0;"";"";"";0;0;0;0;0;0
539;"Galaxian";1;0;28;-2;0;0;0;0;1;0;0;"";"";"";0;0;0;0;0;0
540;"Mappy";1;0;28;-2;0;0;0;0;2;0;0;"";"";"";0;0;0;0;0;0
541;"Pac-Man";1;0;28;-2;0;0;0;0;3;0;0;"";"";"";0;0;0;0;0;0
542;"Pac-Man Vs.";1;0;28;16;0;0;0;0;5;0;0;"";"";"";4;0;0;0;0;0
543;"The Tower of Druaga";1;0;28;-2;0;0;0;0;1;0;0;"";"";"";0;0;0;0;0;0
544;"Xevious";1;0;28;-2;0;0;0;0;2;0;0;"";"";"";0;0;0;0;0;0
545;"New Super Mario Bros.";0;0;28;0;3;0;0;0;4;0;0;"";"";"";4;0;0;0;0;0
546;"Nintendogs: Dachshund & Friends";0;0;28;0;0;0;0;0;2;0;0;"";"";"";0;0;0;0;0;0
547;"Pac-Pix";0;0;28;0;4;0;0;0;4;0;0;"";"";"";0;0;0;0;0;0
548;"Picross DS";0;0;28;0;0;0;0;0;4;0;0;"";"";"";5;0;0;0;0;0
549;"PokEmon Dash";0;0;28;0;3;0;0;0;3;0;0;"";"";"";0;0;6;0;0;0
550;"PokEmon Diamond";0;0;28;0;4;0;0;0;5;0;0;"";"";"";0;0;4;0;0;0
551;"PokEmon SoulSilver";0;0;28;0;3;0;0;0;4;0;0;"";"";"";0;0;4;0;0;0
552;"Professor Layton and the Curious Village";0;0;28;0;4;1;0;0;5;0;0;"";"";"";0;0;0;0;0;0
553;"Professor Layton and the Diabolical Box";0;0;28;0;4;1;0;0;5;0;0;"";"";"";0;0;0;0;0;0
554;"Professor Layton and the Last Specter";0;0;28;0;4;1;0;0;4;0;0;"";"";"";0;0;0;0;0;0
555;"London Life";1;0;28;0;0;1;0;0;0;0;0;"";"";"";0;0;0;0;0;0
556;"Professor Layton and the Unwound Future";0;0;28;0;4;1;0;0;5;0;0;"";"";"";0;0;0;0;0;0
557;"Sonic Colors";0;0;28;0;3;0;0;0;3;0;0;"";"";"";2;0;2;0;0;0
558;"Sonic Rush";0;0;28;0;3;0;0;0;4;0;0;"";"";"";2;0;2;0;0;0
559;"Sonic Rush: Adventure";0;0;28;0;3;0;0;0;4;0;0;"";"";"";2;0;2;0;0;0
560;"Star Fox: Command";0;0;28;0;4;0;0;0;3;0;0;"";"";"";6;0;6;0;0;0
561;"Super Mario 64 DS";0;0;28;0;4;0;0;0;5;0;0;"";"";"";4;0;0;0;0;0
562;"Tetris DS";0;0;28;0;0;0;0;0;5;0;0;"";"";"";10;0;0;0;0;0
563;"Viva PiNata: Pocket Paradise";0;0;28;0;4;0;0;0;5;0;0;"";"";"";0;0;0;0;0;0
564;"WarioWare: D.I.Y.";0;0;28;0;3;0;0;0;5;0;0;"";"";"";0;0;0;0;0;0
565;"Worms: Open Warfare 2";0;0;28;0;3;0;0;0;5;0;0;"";"";"";2;0;4;0;0;0
566;"Advance Wars 2: Black Hole Rising";0;0;41;0;3;0;0;0;4;0;0;"";"";"";4;0;4;0;0;0
567;"Banjo-Kazooie: Grunty's Revenge";0;0;41;0;4;0;0;0;3;0;0;"";"";"";0;0;0;0;0;0
568;"Banjo-Pilot";0;0;41;0;3;0;0;0;3;0;0;"";"";"";0;0;4;0;0;0
569;"Chu Chu Rocket";0;0;41;0;3;0;0;0;3;0;0;"";"";"";4;0;0;0;0;0
570;"DK: King of Swing";0;0;41;0;3;0;0;0;4;0;0;"";"";"";4;0;4;0;0;0
571;"F-Zero: GP Legend";0;0;41;0;3;0;0;0;4;0;0;"";"";"";4;0;4;0;0;0
572;"F-Zero: Maximum Velocity";0;0;41;0;3;0;0;0;4;0;0;"";"";"";4;0;4;0;0;0
573;"Kirby & The Amazing Mirror";0;0;41;0;4;1;0;0;5;0;0;"";"";"";0;0;4;4;0;0
574;"Kuru Kuru Kururin";0;0;41;0;3;0;0;0;4;0;0;"";"";"";4;0;0;0;0;0
575;"The Legend of Zelda: A Link to the Past";0;0;41;0;3;0;0;0;5;0;0;"";"";"";0;0;0;0;0;0
576;"The Legend of Zelda: Four Swords";1;0;41;0;3;0;0;0;4;0;0;"";"";"";0;0;0;4;0;0
577;"Mario & Luigi: Superstar Saga";0;0;41;0;3;0;0;0;3;0;0;"";"";"";0;0;0;0;0;0
578;"Mario Bros. (2001)";0;0;41;0;0;0;0;0;2;0;0;"";"";"";4;0;4;4;0;0
579;"Mario Golf: Advance Tour";0;0;41;0;2;0;0;0;3;0;0;"";"";"";4;0;4;0;0;0
580;"Mario Kart: Super Circuit";0;0;41;0;3;0;0;0;3;0;0;"";"";"";4;0;4;0;0;0
581;"Mario Party Advance";0;0;41;0;3;0;0;0;3;0;0;"";"";"";4;0;2;0;0;0
582;"Mario Tennis: Power Tour";0;0;41;0;2;0;0;0;3;0;0;"";"";"";0;0;4;2;0;0
583;"Mario vs. Donkey Kong";0;0;41;0;4;0;0;0;4;0;0;"";"";"";0;0;0;0;0;0
584;"Mega Man & Bass";0;0;41;0;2;0;0;0;2;0;0;"";"";"";0;0;0;0;0;0
585;"Metroid Fusion";0;0;41;0;4;0;0;0;5;0;0;"";"";"";0;0;0;0;0;0
586;"Metroid: Zero Mission";0;0;41;0;3;1;0;0;5;0;0;"";"";"";0;0;0;0;0;0
587;"Metroid";1;0;41;21;3;1;0;0;3;0;0;"";"";"";0;0;0;0;0;0
588;"PokEmon LeafGreen";0;0;41;0;3;0;0;0;5;0;0;"";"";"";0;0;4;0;0;0
589;"PokEmon Mystery Dungeon: Red Rescue Team";0;0;41;0;3;1;0;0;3;0;0;"";"";"";0;0;0;0;0;0
590;"PokEmon Sapphire";0;0;41;0;3;1;0;0;5;0;0;"";"";"";0;0;4;0;0;0
591;"Sonic Advance";0;0;41;0;3;0;0;0;4;0;0;"";"";"";4;0;4;0;0;0
592;"Sonic Advance 2";0;0;41;0;3;0;0;0;4;0;0;"";"";"";4;0;4;0;0;0
593;"Sonic Advance 3";0;0;41;0;3;0;0;0;3;0;0;"";"";"";4;0;4;2;0;0
594;"Wario Land 4";0;0;41;0;3;0;0;0;4;0;0;"";"";"";0;0;0;0;0;0
595;"WarioWare, Inc.: Mega Microgame$!";0;0;41;0;3;0;0;0;5;0;0;"";"";"";2;0;0;0;0;0
596;"Mario Party-e";0;0;42;0;0;0;0;0;3;0;0;"";"";"";4;0;0;0;0;0
597;"Donkey Kong Country ";0;0;30;20;3;0;0;0;4;0;0;"";"";"";0;0;0;0;0;0
598;"PokEmon Silver";0;0;30;0;3;0;0;0;4;0;0;"";"";"";0;0;2;0;0;0
599;"Super Mario Bros. Deluxe";0;0;30;21;3;0;0;0;4;0;0;"";"";"";0;0;2;0;0;0
600;"Super Mario Bros.: For Super Players";1;0;30;21;2;0;0;0;0;0;0;"";"";"";0;0;0;0;0;0
601;"Kwirk";0;0;31;0;2;0;0;0;3;0;0;"";"";"";0;0;2;0;0;0
602;"Metroid II: Return of Samus";0;0;31;0;3;0;0;0;4;0;0;"";"";"";0;0;0;0;0;0
603;"PokEmon Yellow";0;0;31;0;3;1;0;0;3;0;0;"";"";"";0;0;2;0;0;0
604;"Command & Conquer: Red Alert 2";0;0;33;0;3;0;0;0;5;0;0;"";"";"";0;0;0;0;0;0
605;"Command & Conquer: The First Decade";0;0;33;0;0;0;0;0;0;0;0;"";"";"";0;0;0;0;0;0
606;"Command & Conquer";1;0;33;0;3;0;0;0;4;0;0;"";"";"";0;0;0;0;0;0
607;"Command & Conquer: Generals";1;0;33;0;3;0;0;0;4;0;0;"";"";"";0;0;0;0;0;0
608;"Command & Conquer: Generals: Zero Hour";1;0;33;0;2;0;0;0;0;0;0;"";"";"";0;0;0;0;0;0
609;"Command & Conquer: Red Alert";1;0;33;0;2;0;0;0;4;0;0;"";"";"";0;0;0;0;0;0
610;"Command & Conquer: Red Alert 2";1;0;33;0;3;0;0;0;5;0;0;"";"";"";0;0;0;0;0;0
611;"Command & Conquer: Red Alert: Counterstrike";1;0;33;0;1;0;0;0;0;0;0;"";"";"";0;0;0;0;0;0
612;"Command & Conquer: Red Alert: The Aftermath";1;0;33;0;1;0;0;0;0;0;0;"";"";"";0;0;0;0;0;0
613;"Command & Conquer: Renegade";1;0;33;0;3;0;0;0;3;0;0;"";"";"";0;0;0;0;0;0
614;"Command & Conquer: The Covert Operations";1;0;33;0;1;0;0;0;0;0;0;"";"";"";0;0;0;0;0;0
615;"Command & Conquer: Tiberian Sun";1;0;33;0;2;0;0;0;4;0;0;"";"";"";0;0;0;0;0;0
616;"Command & Conquer: Tiberian Sun: Firestorm";1;0;33;0;1;0;0;0;0;0;0;"";"";"";0;0;0;0;0;0
617;"Command & Conquer: Yuri's Revenge";1;0;33;0;3;0;0;0;5;0;0;"";"";"";0;0;0;0;0;0
618;"Command & Conquer: Yuri's Revenge";0;0;33;0;3;0;0;0;5;0;0;"";"";"";0;0;0;0;0;0
619;"Lode Runner: The Legend Returns";0;0;33;0;2;0;0;0;5;0;0;"";"";"";0;0;0;0;0;0
620;"Red Alert 3";0;0;33;0;3;0;0;0;5;0;0;"";"";"";0;0;0;0;0;0
621;"Sid Meier's Civilization III Complete";0;0;33;0;1;0;0;0;0;0;0;"";"";"";0;0;0;0;0;0
622;"Sid Meier's Civilization IV";0;0;33;0;0;0;0;0;0;0;0;"";"";"";0;0;0;0;0;0
623;"Beyond the Sword";0;1;33;0;2;0;0;0;0;0;0;"";"";"";0;0;0;0;0;0
624;"Colonization";0;1;33;0;1;0;0;0;0;0;0;"";"";"";0;0;0;0;0;0
625;"Warlords";0;1;33;0;0;0;0;0;0;0;0;"";"";"";0;0;0;0;0;0
626;"SimCity 3000";0;0;33;0;0;0;0;0;4;0;0;"";"";"";0;0;0;0;0;0
627;"Spore";0;0;33;0;3;0;0;0;4;0;0;"";"";"";0;0;0;0;0;0
628;"Gone Home";0;0;34;0;4;0;0;0;4;0;0;"";"";"";0;0;0;0;0;0
629;"Hidden in Plain Sight";0;0;34;0;0;0;0;0;4;0;0;"";"";"";0;0;0;0;0;0
630;"Light Angles";0;0;34;0;0;0;0;0;4;0;0;"";"";"";8;0;0;0;0;0
631;"Lode Runner Online: The Mad Monks' Revenge";0;0;34;0;0;0;0;0;5;0;0;"";"";"";0;2;0;0;0;0
632;"Mari0";0;0;34;0;0;0;0;0;0;0;0;"";"";"";0;4;0;0;0;0
633;"Minecraft";0;0;34;0;0;0;0;0;5;0;0;"";"";"";0;0;0;0;0;0
634;"Regular Human Basketball";0;0;34;0;0;0;0;0;5;0;0;"";"";"";10;0;0;0;0;0
635;"Street Fighter X Mega Man";0;0;34;0;3;0;0;0;3;0;0;"";"";"";0;0;0;0;0;0
636;"An Untitled Story";0;0;34;0;3;0;0;0;5;0;0;"";"";"";0;0;0;0;0;0
637;"1001 Spikes";0;0;35;0;1;0;0;25;0;0;0;"";"";"";4;4;0;0;0;0
638;"12 orbits";0;0;35;0;1;0;0;0;0;0;0;"";"";"";12;0;0;0;0;0
639;"Amnesia: The Dark Descent";0;0;35;0;3;0;0;0;4;0;0;"";"";"";0;0;0;0;0;0
640;"Justine";0;1;35;0;0;0;0;0;0;0;0;"";"";"";0;0;0;0;0;0
641;"Astro Duel";0;0;35;0;0;0;0;0;4;0;0;"";"";"";4;0;0;0;0;0
642;"The Beginner's Guide";0;0;35;0;4;0;0;0;0;0;0;"";"";"";0;0;0;0;0;0
643;"Bionic Commando: Rearmed";0;0;35;0;3;0;0;0;5;0;0;"";"";"";4;2;0;0;0;0
644;"Borderlands";0;0;35;0;2;0;15;80;5;0;0;"";"";"";0;0;0;0;0;0
645;"Broforce";0;0;35;0;0;0;0;0;4;0;0;"";"";"";4;4;0;0;0;0
646;"Clusterpuck 99";0;0;35;0;2;0;0;0;0;0;0;"";"";"";8;0;0;0;0;0
647;"CMYW";0;0;35;0;0;0;0;0;4;0;0;"";"";"";0;4;0;0;0;0
648;"Collider";0;0;35;0;0;0;0;0;4;0;0;"";"";"";8;0;0;0;0;0
649;"Counter-Strike";0;0;35;0;0;0;0;0;0;0;0;"";"";"";0;0;0;0;0;0
650;"Counter-Strike: Condition Zero";0;0;35;0;3;0;0;0;3;0;0;"";"";"";0;0;0;0;0;0
651;"Counter-Strike: Condition Zero Deleted Scenes";0;0;35;0;2;0;0;0;0;0;0;"";"";"";0;0;0;0;0;0
652;"Counter-Strike: Source";0;0;35;0;0;0;0;0;0;0;0;"";"";"";0;0;0;0;0;0
653;"Crawl";0;0;35;0;2;0;0;0;0;0;0;"";"";"";4;0;0;0;0;0
654;"Day of Defeat";0;0;35;0;0;0;0;0;0;0;0;"";"";"";0;0;0;0;0;0
655;"Day of Defeat: Source";0;0;35;0;0;0;0;52;0;0;0;"";"";"";0;0;0;0;0;0
656;"Dear Esther";0;0;35;0;4;0;0;0;4;0;0;"";"";"";0;0;0;0;0;0
657;"Deathmatch Classic";0;0;35;0;0;0;0;0;0;0;0;"";"";"";0;0;0;0;0;0
658;"Deus Ex";0;0;35;0;3;0;0;0;5;0;0;"";"";"";0;0;0;0;0;0
659;"Deus Ex: Human Revolution";0;0;35;0;3;0;0;49;5;0;0;"";"";"";0;0;0;0;0;0
660;"Deus Ex: Invisible War";0;0;35;0;3;0;0;0;3;0;0;"";"";"";0;0;0;0;0;0
661;"Divekick";0;0;35;0;3;0;0;14;4;0;0;"";"";"";2;0;0;0;0;0
662;"Duck Game";0;0;35;0;1;0;0;0;0;0;0;"";"";"";4;0;0;0;0;0
663;"Dustforce DX";0;0;35;0;2;0;0;1;0;0;0;"";"";"";4;0;0;0;0;0
664;"Gang Beasts";0;0;35;0;0;0;0;0;5;0;0;"";"";"";8;0;0;0;0;0
665;"Goat Simulator";0;0;35;0;1;0;0;47;5;0;0;"";"";"";0;4;0;0;0;0
666;"Greed Corp";0;0;35;0;3;0;3;13;5;0;0;"";"";"";0;0;0;0;0;0
667;"Gun Monkeys";0;0;35;0;0;0;0;0;0;0;0;"";"";"";2;0;0;0;0;0
668;"Half-Life";0;0;35;0;3;0;0;0;5;0;0;"";"";"";0;0;0;0;0;0
669;"Half-Life 2";0;0;35;0;3;0;20;33;5;0;0;"";"";"";0;0;0;0;0;0
670;"Half-Life 2: Deathmatch";0;0;35;0;0;0;0;0;0;0;0;"";"";"";0;0;0;0;0;0
671;"Half-Life 2: Episode One";0;0;35;0;3;0;6;13;5;0;0;"";"";"";0;0;0;0;0;0
672;"Half-Life 2: Episode Two";0;0;35;0;3;0;13;22;5;0;0;"";"";"";0;0;0;0;0;0
673;"Half-Life 2: Lost Coast";0;0;35;0;3;0;0;0;3;0;0;"";"";"";0;0;0;0;0;0
674;"Half-Life Deathmatch: Source";0;0;35;0;0;0;0;0;0;0;0;"";"";"";0;0;0;0;0;0
675;"Half-Life: Blue Shift";0;0;35;0;3;0;0;0;3;0;0;"";"";"";0;0;0;0;0;0
676;"Half-Life: Opposing Force";0;0;35;0;3;0;0;0;5;0;0;"";"";"";0;0;0;0;0;0
677;"Half-Life: Source";0;0;35;0;3;0;0;0;5;0;0;"";"";"";0;0;0;0;0;0
678;"Hitman: Blood Money";0;0;35;0;3;0;0;0;5;0;0;"";"";"";0;0;0;0;0;0
679;"Jamestown";0;0;35;0;0;0;0;42;0;0;0;"";"";"";0;0;0;0;0;0
680;"Keep Talking and Nobody Explodes";0;0;35;0;0;0;0;0;0;0;0;"";"";"";0;2;0;0;0;0
681;"Left 4 Dead";0;0;35;0;3;0;24;73;5;0;0;"";"";"";0;0;0;0;0;0
682;"Left 4 Dead 2";0;0;35;0;3;0;1;67;5;0;0;"";"";"";0;0;0;0;0;0
683;"Lethal League";0;0;35;0;2;0;3;23;4;0;0;"";"";"";4;0;0;0;0;0
684;"Limbo";0;0;35;0;3;0;5;13;4;0;0;"";"";"";0;0;0;0;0;0
685;"Lovers in a Dangerous Spacetime";0;0;35;0;1;0;0;0;0;0;0;"";"";"";0;4;0;0;0;0
686;"Mashed";0;0;35;14;4;0;0;0;4;0;0;"";"";"";4;0;0;0;0;0
687;"Moonshot";0;0;35;0;0;0;0;0;4;0;0;"";"";"";4;0;0;0;0;0
688;"Move or Die";0;0;35;0;1;0;0;0;0;0;0;"";"";"";4;0;0;0;0;0
689;"Nidhogg";0;0;35;0;4;0;4;12;5;0;0;"";"";"";2;0;0;0;0;0
690;"Obliteracers";0;0;35;0;1;0;0;13;0;0;0;"";"";"";16;0;0;0;0;0
691;"Octodad: Dadliest Catch";0;0;35;0;2;0;1;32;0;0;0;"";"";"";0;4;0;0;0;0
692;"OlliOlli 2: Welcome to Olliwood";0;0;35;0;3;0;13;27;4;0;0;"";"";"";4;0;0;0;0;0
693;"Orbital Gear";0;0;35;0;0;0;0;12;4;0;0;"";"";"";4;0;0;0;0;0
694;"Overcooked";0;0;35;0;1;0;0;12;0;0;0;"";"";"";0;4;0;0;0;0
695;"The Last Morsel";0;1;35;0;1;0;0;0;0;0;0;"";"";"";0;4;0;0;0;0
696;"Pac-Man 256";0;0;35;0;0;0;0;0;4;0;0;"";"";"";0;4;0;0;0;0
697;"Pac-Man Museum";0;0;35;0;0;0;0;0;0;0;0;"";"";"";0;0;0;0;0;0
698;"Pac & Pal";1;0;35;-2;0;0;4;12;2;0;0;"";"";"";0;0;0;0;0;0
699;"Pac-Attack";1;0;35;19;0;0;0;0;2;0;0;"";"";"";2;0;0;0;0;0
700;"Pac-Land";1;0;35;-2;0;0;0;0;1;0;0;"";"";"";0;0;0;0;0;0
701;"Pac-Man";1;0;35;-2;0;0;0;0;3;0;0;"";"";"";0;0;0;0;0;0
702;"Pac-Man Arrangement (2005)";1;0;35;16;3;0;0;0;4;0;0;"";"";"";0;0;0;0;0;0
703;"Pac-Man Championship Edition";1;0;35;5;0;0;0;0;4;0;0;"";"";"";0;0;0;0;0;0
704;"Pac-Man: Battle Royale";1;0;35;-2;0;0;0;0;4;0;0;"";"";"";4;0;0;0;0;0
705;"Pac-Mania";1;0;35;-2;0;0;0;0;3;0;0;"";"";"";0;0;0;0;0;0
706;"Super Pac-Man";1;0;35;-2;0;0;0;0;2;0;0;"";"";"";0;0;0;0;0;0
707;"Pix the Cat";0;0;35;0;0;0;4;11;4;0;0;"";"";"";4;0;0;0;0;0
708;"Portal";0;0;35;0;3;0;5;15;5;0;0;"";"";"";0;0;0;0;0;0
709;"Portal 2";0;0;35;0;3;0;16;50;5;0;0;"";"";"";0;0;0;0;0;0
710;"Push Me Pull You";0;0;35;0;0;0;0;11;5;0;0;"";"";"";4;0;0;0;0;0
711;"Red Faction ";0;0;35;0;3;0;0;0;2;0;0;"";"";"";0;0;0;0;0;0
712;"Red Faction II";0;0;35;0;3;0;0;0;2;0;0;"";"";"";0;0;0;0;0;0
713;"Ricochet";0;0;35;0;0;0;0;0;0;0;0;"";"";"";0;0;0;0;0;0
714;"Rivals of Aether";0;0;35;0;1;0;0;0;0;0;0;"";"";"";4;0;0;0;0;0
715;"Rocket League";0;0;35;0;1;0;0;70;0;0;0;"";"";"";4;0;0;0;0;0
716;"Rome: Total War";0;0;35;0;2;0;0;0;4;0;0;"";"";"";0;0;0;0;0;0
717;"Alexander";0;1;35;0;1;0;0;0;0;0;0;"";"";"";0;0;0;0;0;0
718;"Barbarian Invasion";0;1;35;0;2;0;0;0;0;0;0;"";"";"";0;0;0;0;0;0
719;"Samurai Gunn";0;0;35;0;0;0;0;6;5;0;0;"";"";"";4;0;0;0;0;0
720;"Screencheat";0;0;35;0;0;0;0;21;5;0;0;"";"";"";8;0;0;0;0;0
721;"Soccertron";0;0;35;0;0;0;0;30;0;0;0;"";"";"";4;0;0;0;0;0
722;"Sonic the Hedgehog 3 & Knuckles";0;0;35;19;3;0;0;0;4;0;0;"";"";"";2;2;0;0;0;0
723;"SpeedRunners";0;0;35;0;0;0;3;14;4;0;0;"";"";"";4;0;0;0;0;0
724;"Spelunky";0;0;35;0;3;0;7;20;4;0;0;"";"";"";4;4;0;0;0;0
725;"The Stanley Parable";0;0;35;0;3;0;6;10;4;0;0;"";"";"";0;0;0;0;0;0
726;"Star Wars: Knights of the Old Republic";0;0;35;0;2;0;0;0;0;0;0;"";"";"";0;0;0;0;0;0
727;"Starwhal";0;0;35;0;0;0;0;24;5;0;0;"";"";"";4;0;0;0;0;0
728;"Super Impossible Road";0;0;35;0;0;0;0;0;4;0;0;"";"";"";4;0;0;0;0;0
729;"Super Meat Boy";0;0;35;0;3;0;0;0;5;0;0;"";"";"";0;0;0;0;0;0
730;"Team Fortress 2";0;0;35;0;0;0;44;448;5;0;0;"";"";"";0;0;0;0;0;0
731;"Team Fortress Classic";0;0;35;0;0;0;0;0;0;0;0;"";"";"";0;0;0;0;0;0
732;"Thief Town";0;0;35;0;0;0;0;32;0;0;0;"";"";"";4;0;0;0;0;0
733;"Toto Temple Deluxe";0;0;35;0;2;0;0;0;0;0;0;"";"";"";4;0;0;0;0;0
734;"TowerFall: Ascension";0;0;35;0;3;0;10;20;5;0;0;"";"";"";4;2;0;0;0;0
735;"TowerFall: Dark World";0;1;35;0;2;0;0;0;5;0;0;"";"";"";4;4;0;0;0;0
736;"TowerFall: 8-Player";0;1;35;0;0;0;0;0;0;0;0;"";"";"";8;0;0;0;0;0
737;"Tricky Towers";0;0;35;0;2;0;0;29;5;0;0;"";"";"";4;0;0;0;0;0
738;"Ultimate Chicken Horse";0;0;35;0;0;0;0;31;5;0;0;"";"";"";4;0;0;0;0;0
739;"Undertale";0;0;35;0;3;0;0;0;5;0;0;"";"";"";0;0;0;0;0;0
740;"Vertiginous Golf";0;0;35;0;3;0;9;45;4;0;0;"";"";"";4;0;0;0;0;0
741;"Videoball";0;0;35;0;2;0;0;0;0;0;0;"";"";"";6;0;0;0;0;0
742;"Worms: Clan Wars";0;0;35;0;0;0;3;14;4;0;0;"";"";"";4;0;0;0;0;0
743;"Worms: Reloaded";0;0;35;0;0;0;0;61;2;0;0;"";"";"";4;0;0;0;0;0
744;"Angry Birds";0;0;32;0;0;1;0;0;2;0;0;"";"";"";0;0;0;0;0;0
745;"Angry Birds 2";0;0;32;0;0;0;0;0;3;0;0;"";"";"";0;0;0;0;0;0
746;"O Loop";0;0;32;0;0;0;0;0;3;0;0;"";"";"";0;0;0;0;0;0
747;"Clash of Clans";0;0;32;0;0;0;0;0;2;0;0;"";"";"";0;0;0;0;0;0
748;"Crossy Road";0;0;32;0;0;0;0;0;3;0;0;"";"";"";0;0;0;0;0;0
749;"Desert Golfing";0;0;32;0;0;0;0;0;3;0;0;"";"";"";0;0;0;0;0;0
750;"Deus Ex Go";0;0;32;0;3;0;0;0;4;0;0;"";"";"";0;0;0;0;0;0
751;"Downwell";0;0;32;0;2;0;0;0;4;0;0;"";"";"";0;0;0;0;0;0
752;"Game Dev Story";0;0;32;0;0;1;0;0;2;0;0;"";"";"";0;0;0;0;0;0
753;"Hitman Go";0;0;32;0;3;0;0;0;4;0;0;"";"";"";0;0;0;0;0;0
754;"Hitman: Sniper";0;0;32;0;0;0;0;0;3;0;0;"";"";"";0;0;0;0;0;0
755;"Impossible Road";0;0;32;0;0;0;0;0;3;0;0;"";"";"";0;0;0;0;0;0
756;"Lara Croft Go";0;0;32;0;3;0;0;0;5;0;0;"";"";"";0;0;0;0;0;0
757;"The Shard of Life";0;1;32;0;3;0;0;0;5;0;0;"";"";"";0;0;0;0;0;0
758;"Layton Brothers: Mystery Room";0;0;32;0;2;0;0;0;4;0;0;"";"";"";0;0;0;0;0;0
759;"Monument Valley";0;0;32;0;4;0;0;0;4;0;0;"";"";"";0;0;0;0;0;0
760;"Ida's Dream";0;1;32;0;4;0;0;0;1;0;0;"";"";"";0;0;0;0;0;0
761;"Mortal Kombat X";0;0;32;0;0;1;0;0;3;0;0;"";"";"";0;0;0;0;0;0
762;"Pac-Man 256";0;0;32;0;0;0;0;0;4;0;0;"";"";"";0;0;0;0;0;0
763;"PokEmon Go";0;0;32;0;0;0;0;0;3;0;0;"";"";"";0;0;0;0;0;0
764;"Ridiculous Fishing";0;0;32;0;0;0;0;0;4;0;0;"";"";"";0;0;0;0;0;0
765;"Sonic Dash";0;0;32;0;3;1;0;0;2;0;0;"";"";"";0;0;0;0;0;0
766;"Sonic Runners";0;0;32;0;0;1;0;0;2;0;0;"";"";"";0;0;0;0;0;0
767;"Stack";0;0;32;0;0;0;0;0;3;0;0;"";"";"";0;0;0;0;0;0
768;"Temple Run";0;0;32;0;0;1;0;0;3;0;0;"";"";"";0;0;0;0;0;0
769;"Temple Run 2";0;0;32;0;0;1;0;0;3;0;0;"";"";"";0;0;0;0;0;0
770;"That Bouncy Thing";0;0;32;0;0;1;0;0;2;0;0;"";"";"";0;0;0;0;0;0
771;"Threes";0;0;32;0;0;0;0;0;4;0;0;"";"";"";0;0;0;0;0;0
772;"The Trail";0;0;32;0;0;0;0;0;1;0;0;"";"";"";0;0;0;0;0;0
